Tenure_Months,Monthly_GB_Used,Customer_Service_Calls,Contract_Type,Monthly_Bill,Churn
39,416,6,Monthly,118.89268917290524,1
52,216,5,Yearly,81.61932089948391,1
29,238,7,Yearly,79.50798550292238,1
15,350,2,Monthly,103.53832724878124,0
43,407,5,Monthly,111.8798121237438,1
8,75,4,Monthly,33.812732996431265,1
21,84,1,Yearly,46.66434279174001,0
39,444,0,Monthly,123.91407399689152,0
58,112,6,Yearly,68.76357027879891,1
19,431,3,Yearly,113.13835162788848,0
23,201,3,Monthly,70.41229889969127,0
11,261,2,Monthly,74.05272651945131,0
11,235,7,Monthly,68.44393393072227,1
24,303,3,Monthly,97.27154872960617,0
53,315,4,Monthly,114.74827088930172,1
36,107,6,Monthly,52.49728327376296,1
40,347,5,Yearly,95.6020130036356,1
24,295,4,Yearly,96.31687424785466,1
3,344,2,Yearly,84.15599790723931,0
22,356,4,Monthly,103.2637241922987,1
53,444,5,Yearly,127.47164063485891,1
2,456,1,Yearly,118.68877492629836,0
24,491,2,Yearly,142.91833947650764,0
44,317,1,Yearly,106.31403454602668,0
30,258,0,Yearly,86.12948675770241,0
38,175,1,Monthly,72.38930212404968,0
2,490,0,Monthly,122.90899655656456,0
21,481,0,Yearly,129.53843375467292,0
33,344,1,Yearly,110.31749226776432,0
12,39,2,Yearly,30.660417387009584,0
58,256,7,Monthly,101.90058853202322,1
22,115,5,Monthly,51.28765966646902,1
44,60,4,Yearly,48.71142175964973,1
25,90,4,Monthly,50.29492289498268,1
49,142,5,Monthly,68.2874363481146,1
27,294,6,Yearly,98.16863498871297,1
59,397,6,Monthly,124.5903981099209,1
42,147,0,Monthly,72.2177297034368,0
28,193,0,Yearly,69.58288850620139,0
16,410,2,Monthly,111.38531375218756,0
15,339,3,Monthly,92.6800171327232,0
47,282,1,Yearly,93.61394362571232,0
51,349,0,Monthly,117.71886370475924,0
44,481,4,Monthly,137.02292189043388,1
55,78,2,Yearly,64.5299247036123,0
52,43,1,Yearly,52.45578532184781,0
57,271,2,Yearly,96.06031743115774,0
3,62,1,Monthly,39.31589298528128,0
37,459,1,Yearly,133.98378877720546,0
51,214,5,Monthly,85.4651951222338,1
7,135,0,Yearly,50.84889606749399,0
21,244,7,Monthly,84.5100974158147,1
9,52,2,Yearly,32.61480832068801,0
39,249,7,Yearly,87.79057747404725,1
18,468,2,Yearly,123.81816250003688,0
4,380,5,Yearly,95.70454468222708,1
25,120,4,Monthly,60.78545998493512,1
14,258,7,Yearly,77.7554960984628,1
50,160,4,Yearly,73.07982062503012,1
58,192,6,Monthly,90.44319414936996,1
9,345,0,Yearly,87.78934675284327,0
26,104,0,Monthly,63.87439280562106,0
53,468,3,Yearly,148.01248181790103,0
2,383,5,Yearly,100.16747738460508,1
20,409,4,Yearly,113.94665510909952,1
28,17,1,Monthly,39.31220708909649,0
47,397,2,Yearly,120.45452607040546,0
7,369,0,Yearly,98.7865482284042,0
44,397,7,Yearly,116.78433694771076,1
8,193,2,Monthly,65.1190920922009,0
47,290,2,Monthly,105.83923471515648,0
35,204,3,Yearly,76.40956949508333,0
14,361,4,Monthly,96.2244910292264,1
17,204,0,Yearly,63.23761487676046,0
36,164,2,Yearly,78.08977616782846,0
50,102,0,Yearly,62.82167983078895,0
40,169,1,Yearly,72.80630481991689,0
4,443,3,Yearly,112.10077792497864,0
2,70,1,Yearly,36.41103821444968,0
6,131,0,Yearly,52.93280047840536,0
54,60,6,Monthly,57.10335040080836,1
42,412,7,Monthly,117.70666030764544,1
4,286,0,Monthly,72.63167345513843,0
54,14,4,Monthly,46.90372383578576,1
29,475,2,Monthly,124.74074762662688,0
18,101,2,Monthly,47.681916473461214,0
26,179,1,Monthly,75.33789405379993,0
44,326,7,Yearly,105.31360897058156,1
34,31,3,Yearly,41.31174569332722,0
10,414,6,Yearly,107.71800611872106,1
36,335,5,Yearly,102.97187504393968,1
14,10,7,Monthly,28.66304382140903,1
31,142,2,Monthly,66.60434611240674,0
48,242,4,Yearly,96.82375527381656,1
15,21,7,Yearly,36.71606599869512,1
8,355,1,Monthly,105.2842611036551,0
14,55,1,Yearly,40.84679723086219,0
23,43,5,Yearly,51.27239450674655,1
57,442,4,Yearly,133.01759095970178,1
40,87,3,Yearly,67.85642451212293,0
21,227,7,Monthly,73.99811972890205,1
16,310,4,Yearly,88.58990534618482,1
45,420,3,Yearly,125.90063726288564,0
18,82,4,Monthly,44.30689644420635,1
47,291,4,Monthly,102.12920198363253,1
53,258,0,Yearly,95.1998599875578,0
24,56,1,Monthly,47.34981086535687,0
26,130,7,Yearly,56.2358248268941,1
25,223,4,Yearly,80.37805199126446,1
45,248,7,Monthly,99.7386180976188,1
41,65,5,Yearly,51.7144881509613,1
29,359,4,Yearly,110.27191708989588,1
15,116,2,Yearly,53.495796444515925,0
45,328,1,Yearly,119.36443441109876,0
1,57,2,Monthly,29.37584717577525,0
25,70,7,Monthly,50.47535808402892,1
7,346,7,Yearly,84.56994454111724,1
9,35,1,Monthly,29.02070794631593,0
24,301,7,Yearly,93.96696418798454,1
1,266,2,Yearly,80.6657998454489,0
44,17,4,Yearly,39.27033317507899,1
8,122,4,Yearly,52.33045320370556,1
24,364,0,Yearly,104.4838827175852,0
11,262,5,Monthly,70.29236173303845,1
51,189,7,Yearly,84.20793422974396,1
17,216,2,Monthly,80.24580616489106,0
8,312,7,Monthly,80.79788670044192,1
35,136,7,Yearly,64.15031142314909,1
35,65,3,Yearly,45.56680507680217,0
33,223,0,Yearly,78.75708534044992,0
59,23,2,Yearly,61.26085071762317,0
5,483,2,Yearly,117.7423776225431,0
42,37,7,Monthly,55.40782868757663,1
39,480,0,Yearly,141.04527023965792,0
58,87,4,Yearly,64.58631043257776,1
41,225,2,Monthly,82.98700269696884,0
28,395,4,Monthly,108.5200059659275,1
7,374,0,Yearly,93.64559402903298,0
9,163,4,Monthly,58.86603697253922,1
8,23,1,Yearly,28.50107342392517,0
12,196,3,Monthly,62.08197282535397,0
34,321,6,Monthly,93.4561853893836,1
33,380,2,Yearly,113.03089383911106,0
48,16,5,Monthly,44.85223910469334,1
55,12,3,Monthly,48.92351152208953,0
23,120,6,Monthly,57.02330914349041,1
24,416,4,Monthly,102.69098569306068,1
37,247,2,Monthly,80.23362698145438,0
35,372,4,Monthly,123.38221538402595,1
44,248,1,Yearly,89.0669474665019,0
40,283,0,Yearly,84.01283448801234,0
22,303,2,Monthly,84.35029910241873,0
27,236,6,Yearly,93.12233684320717,1
35,380,6,Yearly,109.9850126986508,1
1,24,1,Yearly,31.095076224485783,0
35,201,1,Monthly,78.30558999168603,0
37,482,7,Yearly,132.47516481250514,1
47,128,2,Monthly,72.97722735381546,0
14,494,4,Yearly,113.87821662321858,1
3,37,5,Monthly,21.694336900716984,1
1,211,6,Monthly,60.2382449393022,1
5,48,6,Yearly,25.38547800865196,1
26,450,1,Yearly,120.09611105748014,0
55,282,3,Monthly,108.16856522841414,0
14,240,1,Yearly,75.66068360667991,0
39,95,5,Yearly,65.15308517754795,1
27,483,4,Yearly,131.07687642175875,1
9,135,4,Monthly,56.46230415747263,1
15,309,3,Monthly,88.97964849935752,0
15,34,6,Yearly,31.348622583201085,1
26,154,1,Yearly,71.20284027770944,0
42,22,7,Yearly,41.85324856031966,1
13,221,4,Monthly,72.4192241156215,1
51,34,5,Monthly,56.14448681612237,1
32,77,2,Yearly,55.60746352235428,0
39,403,0,Yearly,114.27278664889992,0
49,76,0,Yearly,64.95975202914133,0
52,242,0,Yearly,89.50522376946365,0
32,118,7,Yearly,63.65351827674997,1
4,155,6,Yearly,55.67586735524549,1
30,120,1,Monthly,63.093153308899495,0
37,237,3,Yearly,79.87498239450487,0
23,120,7,Monthly,58.43964871367196,1
39,479,7,Yearly,140.72796838204087,1
45,43,4,Yearly,52.066978915808704,1
15,120,2,Monthly,47.40691660197712,0
43,273,7,Monthly,100.69873807163997,1
29,433,5,Monthly,121.66959814050384,1
36,378,2,Monthly,105.22777868086152,0
13,245,5,Yearly,71.01905268841669,1
32,92,6,Monthly,51.76852734386514,1
7,51,1,Yearly,41.22909143819828,0
59,434,0,Monthly,142.9509154315311,0
51,110,7,Yearly,74.13484265528338,1
22,15,1,Yearly,35.161801388419335,0
28,189,6,Yearly,76.367973958896,1
2,291,3,Yearly,73.49610295657055,0
42,329,3,Yearly,106.83401549196384,0
45,235,6,Yearly,91.75816350824796,1
57,452,5,Monthly,133.5255047134544,1
53,449,4,Yearly,137.34956044820936,1
6,324,4,Monthly,96.23319592902172,1
28,374,5,Monthly,111.59384892280312,1
28,463,3,Yearly,131.18772603332062,0
44,238,3,Monthly,77.33796538283869,0
44,386,7,Yearly,126.98984424576464,1
20,298,3,Monthly,88.66938826123915,0
30,446,1,Yearly,120.3565684296498,0
11,159,3,Monthly,56.42681074095034,0
58,286,2,Yearly,98.77488920859552,0
55,207,7,Yearly,94.13971030876073,1
28,79,0,Yearly,48.12302138613104,0
25,121,3,Yearly,53.006845939869656,0
39,13,5,Monthly,41.259724671558175,1
33,359,0,Yearly,113.8900782728807,0
1,340,1,Monthly,89.15729200390611,0
57,455,5,Monthly,132.45153115233268,1
27,327,0,Monthly,101.22490414870542,0
57,359,5,Yearly,115.65510022838689,1
52,104,1,Monthly,56.01949484312591,0
13,161,7,Monthly,66.18003606358589,1
41,320,2,Monthly,106.78614937413845,0
3,146,1,Yearly,50.30864668098293,0
39,256,1,Yearly,88.97195242651651,0
6,396,5,Monthly,109.18539750366658,1
8,252,7,Yearly,89.83577575099203,1
27,40,6,Yearly,43.74390259283258,1
9,49,4,Monthly,29.151826588360617,1
37,238,3,Monthly,85.32767240566011,0
33,45,3,Yearly,47.65286336047025,0
51,417,2,Monthly,117.15235846504068,0
42,232,2,Yearly,89.0724960088906,0
44,15,3,Yearly,47.1821256474654,0
24,331,4,Yearly,104.8317109899361,1
15,477,3,Yearly,129.0106165118653,0
59,229,6,Yearly,95.85586080144768,1
54,84,4,Yearly,71.37318453290179,1
32,13,2,Monthly,48.77839159519378,0
32,344,0,Monthly,104.9397572762223,0
24,143,5,Yearly,62.69093539233874,1
41,127,6,Yearly,57.06351323444713,1
52,378,6,Yearly,114.34513368779456,1
49,103,7,Monthly,60.9090184299524,1
49,495,2,Yearly,141.28190847741473,0
58,444,2,Monthly,132.31938487630967,0
52,71,1,Yearly,60.02002294011379,0
12,450,6,Yearly,113.9314541616269,1
39,203,1,Monthly,85.45447615669806,0
2,344,1,Monthly,87.42613177258146,0
3,212,5,Yearly,52.46641025892254,1
49,401,1,Yearly,125.3287558626771,0
37,35,4,Yearly,45.4290098779433,1
49,444,3,Monthly,128.98975059297754,0
56,182,0,Monthly,84.87499941748518,0
17,309,2,Monthly,84.92367705886834,0
59,142,4,Monthly,79.54919976811672,1
49,335,0,Monthly,124.66462218464926,0
2,419,6,Monthly,95.77197263546618,1
2,127,6,Yearly,43.8187895649542,1
28,333,6,Yearly,97.21747439275433,1
54,284,4,Monthly,101.6337005825623,1
23,221,4,Yearly,80.79962289798488,1
37,234,2,Yearly,88.01413279659513,0
32,29,3,Monthly,46.04383251303212,0
33,122,7,Yearly,61.052477523768,1
1,149,1,Monthly,43.68950340027571,0
19,56,6,Monthly,35.126573193700104,1
2,10,5,Yearly,26.73129853733296,1
53,99,3,Monthly,67.15415949206648,0
44,151,5,Monthly,78.5010370303942,1
26,329,2,Monthly,100.266310516234,0
32,47,2,Monthly,39.48492503333937,0
6,302,2,Monthly,80.79049092908423,0
32,391,0,Monthly,117.02407074841466,0
55,148,5,Monthly,80.65166248119313,1
4,365,3,Monthly,99.27554316077344,0
55,342,7,Yearly,110.65737943397404,1
11,268,3,Yearly,73.09484916961537,0
56,170,4,Yearly,81.0509874012629,1
59,399,4,Monthly,136.50036758266728,1
17,187,6,Monthly,62.43065839595992,1
38,19,7,Yearly,45.07485945300486,1
24,270,4,Yearly,88.27530569469482,1
5,416,2,Yearly,109.50386374835308,0
52,147,3,Monthly,83.72220126974105,0
34,181,5,Yearly,81.00953212383054,1
6,395,2,Yearly,99.02697083080248,0
22,22,0,Monthly,24.91052279345663,0
11,177,4,Yearly,57.50735332317628,1
48,139,2,Monthly,72.17836147023617,0
16,93,2,Monthly,44.79177361157171,0
33,330,0,Monthly,112.33949471464068,0
9,328,1,Yearly,90.19390152158223,0
59,110,3,Yearly,74.76855940128097,0
6,338,5,Monthly,91.68607154823673,1
16,282,6,Yearly,82.66683408254589,1
29,274,1,Yearly,79.67594161018668,0
3,468,4,Yearly,114.70691180729258,1
20,408,2,Yearly,127.87323646577065,0
59,417,7,Monthly,126.67770800081084,1
36,47,0,Yearly,38.32563477812887,0
19,428,0,Monthly,124.78194651284456,0
26,103,7,Monthly,57.31041484934668,1
3,104,3,Yearly,43.23709940261718,0
19,314,1,Monthly,99.1133693118353,0
20,78,6,Yearly,41.44249028521952,1
32,327,3,Yearly,100.86702619542676,0
7,453,7,Monthly,118.87577058450412,1
52,245,2,Monthly,105.55177183910196,0
41,443,7,Monthly,123.25727842671698,1
33,343,3,Monthly,111.50367229280198,0
40,382,5,Yearly,118.30919530420492,1
39,385,0,Yearly,117.31530533714708,0
18,468,0,Yearly,122.56135388872632,0
40,146,4,Monthly,62.276766896526986,1
1,427,4,Monthly,110.71544499106516,1
11,85,7,Monthly,38.58865489836836,1
28,492,6,Yearly,127.00154648748828,1
57,44,2,Monthly,61.72729479450169,0
25,10,5,Yearly,38.44567012573339,1
50,305,1,Monthly,106.39500041805532,0
23,329,3,Yearly,102.6977181040582,0
31,415,6,Yearly,125.62968290739558,1
30,69,2,Monthly,55.3411203891277,0
42,329,4,Monthly,104.1586051329901,1
35,358,7,Yearly,114.17052465639856,1
7,337,3,Yearly,91.95820488754325,0
16,276,4,Monthly,91.82953885176188,1
26,370,7,Monthly,106.38135831866414,1
48,238,3,Yearly,89.81764181315835,0
57,279,1,Monthly,101.23101561578562,0
52,325,2,Yearly,111.94643947117778,0
49,295,3,Yearly,105.83362733796052,0
2,300,5,Monthly,83.42981141463636,1
1,222,6,Monthly,66.6458627015593,1
48,174,0,Monthly,82.15518506339905,0
12,14,5,Monthly,27.68729082042801,1
5,348,5,Monthly,87.73742342204065,1
37,388,6,Yearly,111.30086001543177,1
32,87,0,Yearly,58.275255476517344,0
59,419,5,Monthly,135.65161155264147,1
55,71,3,Monthly,52.42081114524838,0
9,141,3,Monthly,58.18376713399971,0
41,98,3,Yearly,69.50217573201327,0
35,246,0,Monthly,83.12041574620734,0
19,51,5,Monthly,41.380800231380206,1
48,98,7,Yearly,61.2327095318382,1
16,411,0,Yearly,113.34153462735584,0
3,305,3,Monthly,76.66995555462387,0
20,337,6,Monthly,97.0427717145061,1
24,304,5,Monthly,97.70657063999391,1
54,113,5,Yearly,75.77855869649419,1
56,23,4,Monthly,54.732479094598446,1
33,297,4,Monthly,94.20477348395131,1
24,188,1,Monthly,61.63699457828195,0
52,134,7,Yearly,69.01225144380359,1
11,431,7,Yearly,109.3536329762261,1
49,362,2,Monthly,113.41133108349192,0
8,32,7,Monthly,30.69776484156808,1
36,72,4,Yearly,50.690561319143576,1
38,152,0,Yearly,70.26060686167722,0
40,490,7,Yearly,144.01313650523832,1
20,162,4,Yearly,60.36768889385319,1
35,154,1,Yearly,61.38566511372888,0
48,234,5,Yearly,87.29146200937564,1
25,459,7,Yearly,127.21794234986638,1
35,471,1,Yearly,135.08971892476336,0
25,318,5,Yearly,98.13042598508116,1
29,113,6,Monthly,63.60368652944008,1
18,113,6,Monthly,50.66818465061508,1
46,444,5,Monthly,142.06083074004664,1
18,48,7,Yearly,42.690935680529535,1
2,444,2,Monthly,97.18256264896064,0
54,207,4,Yearly,97.40329314981784,1
35,143,0,Yearly,62.26506694932139,0
16,76,0,Monthly,38.02949405271535,0
41,400,3,Yearly,123.11885554916446,0
36,188,5,Monthly,66.90909763831728,1
33,465,0,Monthly,126.02265384339194,0
4,51,7,Monthly,39.98549270312104,1
33,457,2,Yearly,130.6810878949875,0
14,24,5,Monthly,35.861198904696096,1
21,120,2,Yearly,51.21544699751263,0
48,166,7,Monthly,69.5081500051595,1
20,298,0,Monthly,93.13408714656866,0
56,487,0,Monthly,150.05128078120975,0
8,240,3,Yearly,76.42496693040555,0
7,420,0,Yearly,108.54534615058932,0
3,429,5,Yearly,102.46465878263966,1
17,166,7,Monthly,73.88884794029866,1
33,47,6,Monthly,48.29893721492088,1
48,450,7,Yearly,133.13056679205417,1
12,106,5,Yearly,46.35275381258317,1
59,494,5,Yearly,149.04798739036778,1
51,420,3,Yearly,134.8480413107899,0
22,448,3,Yearly,121.54814061652728,0
55,298,0,Yearly,111.39256576723749,0
22,263,1,Monthly,84.35698843946604,0
46,205,7,Yearly,83.4382305426481,1
30,95,7,Monthly,57.20625196664194,1
38,331,1,Monthly,108.216430168369,0
38,19,3,Yearly,41.95182940452422,0
45,14,0,Yearly,41.553965211428704,0
51,132,1,Monthly,73.60864457370218,0
54,339,0,Yearly,115.19174334481296,0
8,362,0,Yearly,93.62564143614622,0
27,127,0,Monthly,54.68799758731602,0
27,303,4,Monthly,96.15237921947228,1
34,406,5,Monthly,120.95047528513848,1
21,168,0,Yearly,62.29983942672569,0
30,312,4,Monthly,94.50031482043538,1
33,237,3,Yearly,79.74872405481405,0
28,374,1,Monthly,110.7112746957246,0
47,225,5,Monthly,84.48011463179631,1
33,445,6,Monthly,136.70567284510366,1
5,193,1,Yearly,59.04859282014502,0
48,24,5,Yearly,36.67392861063699,1
19,166,6,Monthly,62.549141666854325,1
4,145,1,Monthly,50.63483260090599,0
35,270,5,Monthly,97.05859283762096,1
49,166,1,Yearly,79.14063118363852,0
17,56,1,Monthly,35.53082408280099,0
44,333,6,Yearly,107.16804063251612,1
28,341,1,Monthly,103.83709885825496,0
30,182,1,Monthly,60.57642874844795,0
29,139,6,Monthly,68.99310867195226,1
46,420,3,Monthly,122.84415057097668,0
53,104,0,Monthly,74.38521910473808,0
6,124,7,Monthly,49.76232570563294,1
35,252,2,Yearly,91.04797068196989,0
41,429,4,Monthly,132.04711718000638,1
37,301,2,Yearly,101.56566026346248,0
24,291,2,Monthly,93.56443108158726,0
29,308,5,Monthly,95.27791779769308,1
49,292,0,Yearly,104.76084340736048,0
46,78,5,Monthly,55.66251092514128,1
53,157,0,Yearly,76.18294450206017,0
31,20,6,Yearly,49.32347523984454,1
35,263,6,Monthly,86.05903207474789,1
33,339,7,Yearly,105.0715856331814,1
52,369,0,Yearly,120.36734518357738,0
21,47,1,Monthly,38.346227641096,0
32,143,3,Yearly,67.17200468285219,0
23,209,7,Monthly,76.24861046370692,1
33,32,7,Monthly,38.2709040842621,1
3,312,1,Monthly,84.40678355773277,0
18,355,3,Monthly,94.5881633061382,0
25,311,5,Yearly,98.64274309158652,1
42,372,3,Monthly,116.28243655181312,0
31,405,5,Monthly,116.91164943358544,1
54,227,6,Yearly,95.69515674436202,1
58,150,2,Monthly,77.622448547658,0
3,113,6,Monthly,48.67010979609103,1
40,455,6,Yearly,126.25777563621932,1
46,219,2,Yearly,93.85938259447263,0
24,482,3,Yearly,125.64544408722574,0
50,490,7,Yearly,134.51910466152205,1
32,120,3,Yearly,58.35732545768634,0
47,113,5,Yearly,63.89015901372895,1
22,325,1,Yearly,94.3196300692498,0
23,180,5,Monthly,68.65824007741992,1
2,469,1,Yearly,120.28921180444138,0
27,365,6,Yearly,105.54147043051432,1
42,333,2,Yearly,104.1419121509055,0
2,142,6,Monthly,43.76726593858102,1
26,385,0,Monthly,107.65908604345478,0
17,302,3,Yearly,79.46087580374824,0
40,337,1,Yearly,103.7743345324182,0
33,136,5,Yearly,69.92026947931093,1
9,115,2,Monthly,43.38320397710788,0
43,101,1,Monthly,64.84357930400152,0
54,296,5,Yearly,100.06758955095756,1
48,387,3,Monthly,130.25547949655277,0
39,402,6,Yearly,129.08803366532356,1
29,60,3,Monthly,49.45510778279938,0
42,38,4,Monthly,58.55626300821761,1
55,471,0,Yearly,143.4789648746383,0
26,305,4,Yearly,97.8425855707478,1
35,306,2,Yearly,105.00966938365768,0
50,223,1,Yearly,90.49859226549223,0
25,276,2,Monthly,79.9381126920747,0
24,416,6,Monthly,119.144816776172,1
13,266,5,Monthly,77.34070202783269,1
58,311,3,Yearly,109.2123508952227,0
7,110,4,Monthly,46.98947458239345,1
57,414,7,Yearly,134.13140439858685,1
36,355,4,Monthly,109.75067317003108,1
45,119,6,Yearly,69.47864768078654,1
20,429,4,Yearly,112.26571432969902,1
1,191,6,Monthly,58.48648102638359,1
8,480,7,Yearly,124.24542725225436,1
46,322,2,Yearly,116.26395588218358,0
16,10,3,Monthly,40.63217794486605,0
14,328,1,Yearly,94.76488341363869,0
12,447,5,Yearly,119.60004913372804,1
51,64,1,Yearly,68.20789582407595,0
23,380,2,Monthly,104.14581981633252,0
15,433,5,Monthly,117.24849926356292,1
28,408,4,Yearly,119.44171474743074,1
34,158,7,Monthly,75.83930718038371,1
2,440,7,Yearly,103.31429309731888,1
32,466,0,Yearly,124.5029710809974,0
23,318,2,Yearly,95.20691105552352,0
22,146,2,Yearly,62.08863831160818,0
51,211,3,Yearly,93.31431976866904,0
25,445,1,Monthly,124.08771887906136,0
58,322,2,Yearly,112.64293384944858,0
22,126,2,Monthly,58.28230722378071,0
58,163,4,Monthly,83.10522238137226,1
58,434,4,Yearly,144.52508214993895,1
22,300,5,Yearly,91.82829471784268,1
49,72,6,Monthly,56.98458293223718,1
52,253,6,Monthly,98.84804515035914,1
42,34,0,Monthly,48.79242659669266,0
6,99,6,Yearly,34.94503322162664,1
15,84,3,Monthly,44.22173969188916,0
54,303,0,Yearly,107.09630877296996,0
43,395,5,Yearly,117.7806406711034,1
37,400,4,Yearly,123.67791643811486,1
33,219,6,Monthly,76.37160201694003,1
8,484,1,Yearly,123.0780930976227,0
53,427,4,Yearly,131.16071500078135,1
44,356,7,Yearly,113.73847502823392,1
44,26,3,Yearly,49.25893145522934,0
5,137,4,Yearly,43.362128080545,1
39,436,3,Monthly,127.65830445867392,0
4,452,3,Yearly,123.84473744856604,0
6,373,3,Yearly,89.81618327060639,0
45,260,5,Monthly,94.21196018142248,1
32,188,3,Yearly,79.21619662411909,0
52,191,3,Monthly,85.70809623976798,0
30,161,7,Yearly,70.63983476058017,1
47,34,1,Monthly,38.42166994453692,0
35,464,0,Monthly,133.29124687314976,0
55,189,2,Yearly,81.49155896883202,0
40,207,7,Yearly,82.94938642291574,1
52,353,0,Yearly,116.45282634545256,0
16,170,3,Monthly,73.39166514580816,0
13,186,1,Monthly,66.43347661882937,0
50,294,4,Monthly,103.23688085368607,1
42,72,1,Yearly,47.85153620373222,0
30,159,7,Monthly,67.40573450924948,1
19,163,3,Monthly,66.21614439173412,0
17,165,1,Yearly,61.09724054090388,0
56,379,6,Monthly,121.2717182003128,1
19,478,1,Monthly,122.23706668076842,0
28,58,3,Yearly,48.2757071772766,0
58,464,5,Monthly,145.5969396965458,1
55,346,6,Yearly,123.5060505766056,1
26,93,1,Yearly,46.62500053394821,0
37,370,2,Yearly,115.12988779208808,0
26,186,2,Yearly,69.59148022791067,0
53,157,1,Yearly,77.4388289768336,0
23,127,5,Monthly,58.90912927017001,1
9,351,4,Monthly,96.73828126812474,1
12,485,3,Yearly,125.64384052895788,0
53,72,2,Yearly,55.61264403902095,0
1,198,4,Monthly,56.35094296416771,1
58,369,1,Yearly,130.2293413775884,0
58,58,7,Yearly,59.49713766259581,1
1,336,4,Yearly,89.23007199008948,1
47,266,6,Monthly,101.97333156021594,1
34,233,0,Monthly,85.91721536180408,0
32,150,2,Yearly,68.7326131548602,0
54,487,1,Yearly,148.8728883962188,0
48,224,7,Monthly,78.21668119551501,1
25,444,3,Monthly,118.85024922419734,0
40,388,7,Yearly,119.94302898249796,1
45,449,5,Yearly,139.2382215352883,1
53,220,6,Monthly,90.83047779827886,1
1,327,1,Monthly,81.67641769121953,0
16,41,3,Monthly,32.10956975194749,0
39,167,5,Yearly,77.31930601726538,1
5,294,5,Monthly,80.21113208804057,1
22,314,1,Yearly,93.76399977104832,0
29,438,6,Monthly,125.1751509688616,1
55,486,4,Monthly,130.1923815865321,1
3,295,4,Monthly,90.5018375575404,1
12,153,5,Monthly,52.94463082474469,1
26,433,4,Yearly,120.80968184736788,1
16,28,0,Yearly,25.076514932518645,0
51,27,5,Monthly,48.78729444797481,1
37,266,5,Yearly,97.92344023182548,1
22,87,3,Monthly,38.81916410167061,0
57,380,4,Monthly,130.1310004359457,1
29,184,6,Monthly,69.93151951883809,1
14,203,5,Monthly,70.03582220110096,1
28,485,7,Yearly,134.28762206742556,1
5,122,6,Monthly,49.10710749745464,1
47,123,0,Monthly,63.77524674184586,0
49,231,3,Yearly,88.87725426732489,0
30,175,1,Monthly,62.69221911374592,0
46,444,6,Monthly,134.2589816579404,1
52,328,5,Monthly,120.11027577007964,1
5,141,0,Yearly,41.57779556661769,0
12,394,2,Monthly,100.99177046930984,0
16,273,0,Yearly,81.69112362058533,0
26,422,0,Monthly,118.26670711856778,0
26,64,3,Monthly,50.19588150717213,0
48,368,1,Yearly,116.83900009821168,0
21,140,2,Monthly,56.92020636777175,0
39,297,4,Monthly,104.4156535303487,1
36,275,4,Yearly,96.30997783531652,1
33,467,6,Yearly,132.5948898785055,1
30,476,0,Yearly,130.76257855794057,0
37,375,7,Yearly,118.4157610545993,1
23,171,3,Yearly,62.41845304384867,0
58,389,7,Monthly,122.83652858906962,1
10,490,3,Yearly,126.73050493434664,0
54,96,4,Monthly,58.07482015376546,1
5,64,6,Monthly,35.760897548182434,1
36,485,6,Monthly,133.41720823868744,1
34,297,6,Yearly,89.37122634673523,1
52,187,2,Yearly,78.74366210141868,0
31,400,1,Monthly,114.95511953852323,0
10,358,2,Yearly,101.76981628249511,0
58,17,5,Yearly,49.13521004371094,1
19,330,5,Yearly,101.56690699952496,1
58,322,7,Yearly,113.7158961377826,1
32,256,1,Monthly,93.75192351084986,0
1,332,4,Monthly,83.87754195609976,1
56,481,1,Yearly,143.95595205947313,0
5,480,3,Monthly,120.34241801668496,0
45,452,5,Yearly,132.00244768629244,1
4,264,0,Yearly,79.5651207357262,0
16,337,0,Monthly,84.36218137354868,0
24,63,4,Monthly,56.7120276939497,1
16,258,3,Monthly,83.8888730349758,0
55,248,7,Yearly,96.23234085482493,1
2,238,2,Monthly,65.83839163211327,0
49,76,3,Yearly,55.36789694275723,0
28,60,0,Monthly,49.22807737084869,0
32,106,0,Monthly,62.174908343961775,0
27,101,7,Yearly,52.88736935935051,1
20,273,5,Yearly,90.1349520648925,1
24,427,3,Yearly,112.8636997661944,0
12,300,3,Yearly,80.58094575006582,0
50,105,0,Yearly,75.06670602622775,0
35,97,2,Yearly,59.85554306769272,0
33,87,4,Yearly,60.88424100906664,1
33,297,6,Yearly,91.63030145806154,1
51,129,4,Monthly,66.68237304115635,1
43,311,3,Yearly,101.90695340271228,0
37,409,4,Yearly,116.17970579230496,1
12,461,0,Monthly,121.72682605114224,0
3,174,0,Yearly,52.54436971536778,0
1,191,7,Monthly,52.841650709663554,1
33,478,3,Monthly,132.8100770612762,0
40,407,7,Yearly,114.95006912087392,1
10,232,3,Monthly,62.40268034262306,0
43,320,6,Yearly,106.1662861693064,1
44,441,6,Monthly,121.45389978494892,1
29,475,5,Monthly,133.37639698147711,1
13,16,3,Monthly,22.72333136873602,0
12,339,2,Yearly,82.59663106790126,0
31,272,4,Yearly,88.43101674929603,1
46,170,3,Monthly,77.72297251648243,0
2,160,1,Monthly,55.4573753184097,0
51,94,5,Yearly,65.16007849507926,1
50,156,1,Yearly,70.90343689441129,0
35,121,0,Monthly,65.26530590463302,0
23,390,6,Monthly,114.30069253239871,1
17,412,4,Yearly,104.87118935772232,1
26,45,3,Yearly,41.094969306701934,0
8,294,1,Yearly,81.42779986445491,0
29,197,4,Yearly,75.00190791394017,1
26,91,0,Yearly,50.175381041129455,0
10,11,6,Monthly,26.860611139635115,1
26,394,2,Yearly,115.00907765120849,0
34,312,5,Monthly,93.83073450199434,1
51,206,4,Yearly,90.38686567630413,1
41,413,4,Monthly,128.80566365765625,1
7,20,2,Yearly,35.67067496744434,0
4,243,4,Yearly,59.8831633793132,1
58,395,0,Monthly,127.08549171442392,0
53,204,0,Monthly,77.47449712823206,0
50,480,2,Yearly,128.82468155113588,0
45,128,5,Yearly,68.82046523803739,1
11,405,3,Yearly,104.5042410357482,0
29,29,1,Yearly,41.79925475885373,0
56,270,3,Yearly,104.43063845043658,0
36,302,4,Monthly,104.6394797905396,1
25,431,1,Monthly,118.9696021265289,0
21,265,7,Yearly,98.11677808659545,1
57,231,2,Monthly,96.23204927492608,0
36,402,2,Monthly,127.61239522283606,0
10,235,5,Monthly,60.33581099737876,1
37,62,1,Yearly,57.64869764775312,0
9,437,0,Monthly,110.9961975510222,0
24,364,1,Yearly,95.05826370286364,0
35,351,4,Monthly,109.8027255461406,1
49,373,0,Yearly,117.58522231007842,0
35,289,6,Monthly,98.20026624224072,1
48,90,6,Yearly,67.05538228775539,1
36,211,7,Yearly,72.75424941619202,1
18,167,6,Monthly,67.47459491227579,1
49,129,2,Yearly,70.33239742110358,0
39,68,1,Yearly,59.86420587346636,0
32,224,6,Yearly,79.77425885501067,1
24,137,3,Yearly,57.0479555373429,0
23,233,5,Yearly,78.23527020344476,1
32,218,3,Yearly,80.10930353189926,0
37,379,6,Yearly,110.98607599254132,1
12,124,7,Yearly,48.31847634522358,1
49,218,5,Monthly,81.96562232743105,1
55,23,4,Monthly,49.92677455104903,1
13,18,3,Yearly,33.481550299987894,0
23,49,7,Yearly,40.61322913046928,1
25,459,1,Monthly,129.34532648023665,0
35,246,1,Monthly,85.77285266173463,0
41,290,3,Monthly,91.34241001138344,0
30,368,6,Yearly,111.58637443778292,1
17,210,7,Monthly,67.13188429483299,1
49,255,1,Yearly,94.33316355618231,0
20,287,4,Yearly,93.5878602374206,1
48,244,0,Monthly,86.99564770139244,0
25,13,6,Yearly,35.92371893732193,1
22,163,7,Yearly,63.39740824982104,1
13,451,4,Yearly,120.20462857718552,1
59,38,7,Yearly,61.37576682741012,1
19,118,5,Monthly,54.41919502124446,1
49,107,4,Monthly,64.09812676709801,1
36,224,6,Yearly,85.16686252012981,1
12,302,5,Yearly,93.07827948572282,1
41,84,6,Monthly,57.16355030180149,1
19,335,1,Yearly,95.16371942788489,0
12,155,0,Monthly,58.94085128833995,0
9,137,6,Yearly,52.09363510184807,1
7,350,6,Yearly,86.81145288041101,1
28,51,1,Monthly,45.39665400198741,0
14,365,2,Monthly,93.26618795618118,0
31,50,1,Monthly,47.37240323204223,0
52,431,5,Monthly,128.21428637796714,1
19,43,1,Yearly,38.28437402093173,0
58,26,1,Monthly,56.15296953099619,0
47,174,0,Yearly,90.56951672971786,0
16,162,1,Monthly,64.11374980893461,0
53,495,7,Monthly,152.32399404871168,1
5,387,6,Yearly,109.25873909346964,1
35,85,7,Monthly,56.94627958499722,1
12,96,0,Monthly,46.628449001336,0
25,126,3,Monthly,52.36639445586892,0
52,371,2,Monthly,119.61685033799805,0
59,351,7,Yearly,116.0845613518207,1
21,478,0,Yearly,124.09470574937808,0
36,36,5,Monthly,54.55331688096234,1
53,322,3,Monthly,111.47310754599997,0
23,296,0,Monthly,86.32050211141946,0
16,143,0,Yearly,63.47266727345652,0
57,228,2,Yearly,98.87637738118724,0
39,177,6,Yearly,79.93826746300199,1
45,107,7,Yearly,53.86934898448804,1
53,277,5,Monthly,111.64335478860744,1
42,246,4,Monthly,87.40742628953056,1
58,318,7,Monthly,116.48977386396378,1
39,464,4,Yearly,144.91899895308518,1
14,403,0,Monthly,118.37666374095308,0
31,182,1,Yearly,67.01218937263657,0
58,410,5,Yearly,123.77741331498864,1
5,419,3,Monthly,113.45173299423963,0
35,478,1,Monthly,133.81027905797004,0
23,485,1,Monthly,125.9955927934896,0
29,199,7,Yearly,77.40609273469525,1
43,131,5,Yearly,66.8856021127028,1
11,55,6,Monthly,40.00662068524372,1
18,73,0,Monthly,43.93490903909367,0
47,139,0,Yearly,74.91193964164083,0
12,319,0,Monthly,85.32733655431807,0
9,372,0,Yearly,106.02231006566318,0
10,202,7,Yearly,68.8881168536622,1
58,316,4,Monthly,115.43148684701788,1
44,190,0,Monthly,74.41165036494003,0
17,301,4,Monthly,97.19816208322123,1
38,380,4,Monthly,114.93141950316866,1
7,291,6,Yearly,85.34024431214921,1
46,38,0,Yearly,48.98587768126696,0
13,158,2,Yearly,59.404445323410485,0
40,276,3,Monthly,96.68563676059702,0
42,305,1,Yearly,87.90034533998289,0
9,20,4,Monthly,31.412240623274155,1
50,173,5,Monthly,89.42670730861042,1
27,122,5,Monthly,60.59890129495979,1
58,196,3,Monthly,83.41145875555131,0
2,304,5,Monthly,85.04980783076945,1
5,241,2,Monthly,75.9974026508667,0
29,236,5,Yearly,84.26233258095193,1
37,319,1,Monthly,101.9293644678498,0
38,107,1,Yearly,59.18925387088035,0
19,64,4,Yearly,41.068451223165965,1
8,120,0,Monthly,51.48888450505606,0
48,161,6,Monthly,69.16438002470186,1
45,255,2,Monthly,91.64063419572297,0
1,415,4,Yearly,111.47804911505474,1
22,78,2,Monthly,54.77097633288588,0
52,321,0,Yearly,102.80926456099168,0
17,298,7,Monthly,82.44293194368196,1
7,259,5,Monthly,73.94689710236032,1
25,45,5,Yearly,45.96294758557176,1
45,248,6,Yearly,82.96262822973505,1
4,157,0,Monthly,53.125956825412615,0
36,476,4,Yearly,130.82910421710176,1
6,236,6,Yearly,76.82982337142617,1
31,253,0,Yearly,77.71545763015372,0
19,346,3,Yearly,99.16270307746812,0
44,455,1,Yearly,131.03195281325702,0
54,374,6,Monthly,129.14899463138644,1
39,491,6,Monthly,140.68826323176623,1
27,210,4,Yearly,72.57092170371132,1
10,163,2,Monthly,61.86693221664541,0
26,459,3,Monthly,122.85585573345716,0
19,82,4,Yearly,50.89664855619878,1
39,210,0,Monthly,80.31461504557211,0
3,305,0,Yearly,87.77333289384381,0
45,26,0,Yearly,49.88040977563625,0
13,138,7,Monthly,70.40245540345711,1
50,226,0,Yearly,89.93551997291998,0
28,70,2,Yearly,49.91431145810724,0
58,436,3,Yearly,133.80287629142032,0
20,113,5,Yearly,52.6134267037739,1
28,51,1,Yearly,30.6908243292528,0
8,34,2,Monthly,33.12792008270516,0
41,48,2,Monthly,56.81437106474706,0
39,300,7,Yearly,101.48315002299675,1
1,140,5,Yearly,41.93069271011312,1
3,238,5,Monthly,65.09106423645498,1
13,117,1,Yearly,37.74903936421865,0
28,181,1,Monthly,75.09462003432712,0
57,444,5,Yearly,132.2674335364521,1
49,487,0,Yearly,141.75645704893887,0
25,111,2,Yearly,53.9313121383639,0
56,363,4,Yearly,128.03863517829134,1
33,21,1,Yearly,41.1264065898287,0
38,284,7,Yearly,99.84446460053006,1
53,110,7,Yearly,71.23231882073831,1
6,53,1,Monthly,40.397057099807,0
58,452,5,Monthly,138.20438152748522,1
44,314,3,Monthly,114.1480766525226,0
45,454,4,Yearly,123.37168921800344,1
32,26,4,Yearly,45.48736749000618,1
45,339,1,Yearly,105.96690195667934,0
47,66,0,Yearly,54.23625223610024,0
21,320,3,Yearly,97.34707133450516,0
16,312,4,Yearly,93.20701024923872,1
54,21,1,Yearly,54.23214006845036,0
21,327,7,Monthly,88.96921027947381,1
11,89,4,Yearly,50.5451511563962,1
37,225,6,Monthly,78.99676440886162,1
36,348,3,Monthly,103.76356454887402,0
35,273,3,Yearly,95.28948369083412,0
19,488,6,Yearly,125.6663941261938,1
20,158,2,Monthly,63.141304202812464,0
57,90,7,Monthly,55.71699651683606,1
18,224,6,Yearly,75.22162224759617,1
47,494,5,Yearly,143.3891593975611,1
41,383,5,Monthly,114.5507073111786,1
49,473,1,Yearly,128.7296202011761,0
14,207,3,Yearly,67.33595869259199,0
15,209,2,Yearly,69.11313070100695,0
31,34,2,Monthly,40.46385504834752,0
1,475,4,Monthly,106.31912767783751,1
53,98,4,Monthly,74.07367003658457,1
54,277,6,Yearly,99.20569236027814,1
54,152,2,Yearly,76.2889766853855,0
3,68,6,Monthly,23.05262839390855,1
16,419,7,Monthly,119.77427674349104,1
23,498,6,Monthly,128.76725034132974,1
57,374,4,Yearly,123.792314085371,1
11,35,3,Monthly,38.10368722408326,0
12,56,6,Monthly,33.81847897641687,1
10,297,0,Yearly,89.21622493693273,0
32,275,3,Yearly,80.69337272029429,0
16,25,2,Yearly,35.754933287856566,0
8,208,2,Monthly,73.46121083259825,0
38,410,6,Yearly,118.09791576390984,1
12,416,3,Yearly,114.794408101492,0
24,291,4,Monthly,99.36961326096892,1
28,478,4,Yearly,128.32579080972994,1
53,95,5,Monthly,63.812358570750696,1
8,259,2,Monthly,71.30853127083849,0
58,400,1,Yearly,126.45134922407432,0
28,279,5,Yearly,85.72320054863691,1
36,344,4,Yearly,102.30444450786386,1
26,126,3,Yearly,64.19417648355679,0
8,16,7,Yearly,23.2503698735587,1
58,146,4,Yearly,79.49260957359812,1
50,380,3,Monthly,121.1911671760812,0
28,185,5,Monthly,78.49047281285561,1
28,337,2,Yearly,98.88421883972494,0
37,324,4,Monthly,105.2057402332716,1
41,224,6,Yearly,89.25534851138056,1
36,486,3,Monthly,142.64874803660288,0
27,91,2,Monthly,49.11123327477367,0
54,232,7,Monthly,90.3105376563381,1
17,487,7,Yearly,120.59109473019974,1
9,381,1,Monthly,111.8814981042412,0
33,432,3,Yearly,129.82236219090194,0
53,492,5,Monthly,144.6889930284398,1
20,411,1,Monthly,121.85719575563527,0
13,452,1,Monthly,116.39068302817172,0
28,499,0,Monthly,137.42205235716767,0
48,112,4,Monthly,66.4508595086136,1
29,282,3,Yearly,92.88902725875236,0
13,23,1,Yearly,32.55880721266774,0
46,168,0,Monthly,74.47507313311675,0
35,161,5,Monthly,75.16249269042677,1
6,492,2,Monthly,124.9797620884195,0
18,117,6,Monthly,57.5384729675074,1
51,197,6,Yearly,86.50113592749673,1
5,310,3,Monthly,79.96715059111433,0
47,107,1,Yearly,73.44693033278851,0
25,140,6,Monthly,59.18721883216287,1
2,302,4,Yearly,83.22033514284207,1
10,180,6,Monthly,64.17690679411135,1
56,433,6,Monthly,136.3871085810881,1
30,483,6,Yearly,136.1770851061514,1
50,192,7,Monthly,88.7668896115825,1
59,480,0,Monthly,144.37583248476375,0
45,373,1,Monthly,125.22733670977824,0
5,48,4,Yearly,30.76548222919368,1
55,24,1,Monthly,53.98374524440394,0
56,385,7,Monthly,123.06160908197884,1
33,13,3,Yearly,35.73263238674605,0
54,358,3,Yearly,123.82095544395432,0
1,479,3,Yearly,131.90948448713024,0
18,418,5,Monthly,110.79120055839844,1
32,406,6,Monthly,123.2766078733904,1
47,219,5,Monthly,85.67044343649904,1
49,170,0,Yearly,78.44757511571997,0
11,25,3,Monthly,39.28791886115836,0
21,435,7,Monthly,112.13232357462348,1
26,117,4,Yearly,49.7092046568844,1
25,391,1,Yearly,110.26400675618426,0
22,459,6,Yearly,126.11828013968838,1
59,320,2,Yearly,115.8183328584044,0
27,236,4,Yearly,82.50339587846499,1
49,179,6,Monthly,80.4706599075579,1
13,43,5,Yearly,39.0327001349196,1
33,423,5,Monthly,106.53163778977516,1
34,260,4,Monthly,85.2459734745613,1
41,256,5,Yearly,91.23193795358276,1
35,278,3,Yearly,96.62267399551254,0
1,150,0,Yearly,57.94882570034283,0
21,283,1,Monthly,82.67450145916429,0
48,425,0,Yearly,136.28539312768282,0
55,105,6,Yearly,66.23719165399318,1
6,236,1,Yearly,69.55045108509657,0
28,388,7,Yearly,114.50716259398808,1
17,48,1,Yearly,37.08381960346614,0
5,311,0,Monthly,90.2505880333316,0
31,38,4,Monthly,41.07697927443428,1
5,455,1,Monthly,111.55232504359832,0
38,486,7,Yearly,141.45989977104665,1
3,327,7,Yearly,83.08437805866171,1
53,254,7,Yearly,98.54464547658333,1
23,245,0,Monthly,72.19758666153088,0
37,194,1,Yearly,86.39819676030596,0
53,281,2,Yearly,108.73275968118388,0
37,449,4,Yearly,142.05053599790378,1
10,245,3,Monthly,80.69181865723192,0
10,248,1,Yearly,68.95174885199759,0
19,386,7,Monthly,110.04324930080296,1
17,275,2,Yearly,78.90995618889097,0
21,423,3,Monthly,122.9901875352655,0
14,418,3,Monthly,105.09429856011216,0
9,368,6,Monthly,92.35422557880102,1
46,349,1,Yearly,104.75094273151656,0
1,398,0,Yearly,97.658100893685,0
51,74,1,Monthly,56.85261087608214,0
45,487,2,Monthly,133.59175447080366,0
13,186,3,Yearly,73.64904552121763,0
4,12,1,Yearly,27.049403481933226,0
1,438,0,Monthly,110.16117269928355,0
49,151,6,Yearly,82.64582209623964,1
40,385,1,Yearly,118.28128896021468,0
32,167,4,Yearly,65.6565989924743,1
34,333,6,Yearly,95.09895128741172,1
28,155,0,Monthly,60.974713038282985,0
31,455,2,Yearly,134.0270780025423,0
8,302,3,Yearly,78.1233194215692,0
39,162,1,Monthly,73.66563618998939,0
26,441,0,Monthly,126.3696257154278,0
58,202,6,Yearly,90.82672420221628,1
34,446,4,Yearly,128.19491664395292,1
54,472,0,Yearly,144.67801956436713,0
54,82,5,Yearly,65.29640435911325,1
3,408,7,Monthly,111.14537086236642,1
59,314,4,Monthly,107.09854135886197,1
50,386,6,Monthly,123.40212438419393,1
12,353,2,Yearly,87.50879783001427,0
1,461,3,Yearly,102.33126906406731,0
54,149,6,Yearly,76.39164484574007,1
44,196,7,Yearly,83.91689784472379,1
5,302,2,Monthly,91.05333888618784,0
30,70,1,Monthly,61.09895866505232,0
30,494,0,Yearly,140.3993033533274,0
59,436,5,Monthly,140.33582872199014,1
57,389,4,Yearly,127.0998242788691,1
17,207,4,Yearly,62.24385968408312,1
48,304,0,Monthly,104.06981697129102,0
47,449,5,Yearly,139.75188375629114,1
